Transaction: UMbw1MVjfpX0Cu41BuotAHRu, action: OUT
Transaction: UMbw1MVjfpX0Cu41BuotAHRu, action: IN
Transaction: UMbw1MVmKhUyCe41BuonTgeJ, action: IN
Transaction: UMbw1MVjfpX0Cu41BuotAHRu, action: REJECTED
Transaction: UMbw1MVmKhUyCe41BuonTgeJ, action: OUT
Transaction: UMbw1MVceOBV6e41BuoiY0I9, action: OUT
Transaction: UMbw1MVceOBV6e41BuoiY0I9, action: IN
Transaction: UMbw1MVjfpX0Cu41BuotAHRu, action: IN
Transaction: UMbw1MVceOBV6e41BuoiY0I9, action: IN
Transaction: UMbw1MVceOBV6e41BuoiY0I9, action: OUT
Transaction: UMbw1MaeVLWI5O41BuoA8+lW, action: NEWTRANS
Transaction: UMbw1MaeVLWI5O41BuoA8+lW, action: OUT
Transaction: UMbw1MaeVLWI5O41BuoA8+lW, action: IN
Transaction: UMbw1MaeVLWI5O41BuoA8+lW, action: OUT
Transaction: UMbw1MaeVLWI5O41BuoA8+lW, action: IN
Transaction: UMbw1MaeVLWI5O41BuoA8+lW, action: IN
Transaction: UMbw1MaeVLWI5O41BuoA8+lW, action: OUT
Transaction: UMbw1MaeVLWI5O41BuoA8+lW, action: OUT
Transaction: UMbw1MVceOBV6e41BuoiY0I9, action: OUT
Transaction: UMbw1MVceOBV6e41BuoiY0I9, action: IN
Transaction: UMbw1MaeVLWI5O41BuoA8+lW, action: TOREGISTER
Transaction: UMbw1MVceOBV6e41BuoiY0I9, action: NEWTRANS
Transaction: UMbw1MVceOBV6e41BuoiY0I9, action: OUT
Transaction: UMbw1MLk6DnDru41BuoNTXVZ, action: IN
Transaction: UMbw1MLk6DnDru41BuoNTXVZ, action: IN
Transaction: UMbw1MLk6DnDru41BuoNTXVZ, action: OUT
Transaction: UMbw1MLk6DnDru41BuoNTXVZ, action: IN
Transaction: UMbw1MLk6DnDru41BuoNTXVZ, action: IN
Transaction: UMbw1MLk6DnDru41BuoNTXVZ, action: OUT
Transaction: UMbw1MLk6DnDru41BuoNTXVZ, action: OUT
Transaction: UMbw1MM9EgMnae41BupK8ukz, action: IN
Transaction: UMbw1MM9EgMnae41BupK8ukz, action: IN
Transaction: UMbw1MLk6DnDru41BuoNTXVZ, action: OUT
Transaction: UMbw1MM9EgMnae41BupK8ukz, action: OUT
Transaction: UMbw1MM9EgMnae41BupK8ukz, action: OUT
Transaction: UMbw1MJQ4g9/xe41Buoh1YYe, action: IN
Transaction: UMbw1MJQ4g9/xe41Buoh1YYe, action: IN
Transaction: UMbw1MJQ4g9/xe41Buoh1YYe, action: OUT
Transaction: UMbw1MM9EgMnae41BupK8ukz, action: OUT
Transaction: UMbw1MM9EgMnae41BupK8ukz, action: OUT
Transaction: UMbw1MM9EgMnae41BupK8ukz, action: IN
Transaction: UMbw1MM9EgMnae41BupK8ukz, action: IN
Transaction: UMbw1MVceOBV6e41BuoiY0I9, action: IN
Transaction: UMbw1MbIRuU6ou41BupFI7qY, action: OUT
Transaction: UMbw1MaeVLWI5O41BuoA8+lW, action: IN
Transaction: UMbw1MbIRuU6ou41BupFI7qY, action: IN
Transaction: UMbw1MbIRuU6ou41BupFI7qY, action: SEND
Transaction: UMbw1MaeVLWI5O41BuoA8+lW, action: OUT
Transaction: UMbw1MaeVLWI5O41BuoA8+lW, action: IN
Transaction: UMbw1MaeVLWI5O41BuoA8+lW, action: OUT
Transaction: UMbw1MaeVLWI5O41BuoA8+lW, action: IN
Transaction: UMbw1MVceOBV6e41BuoiY0I9, action: IN
Transaction: UMbw1MbIRuU6ou41BupFI7qY, action: IN
Transaction: UMbw1MbIRuU6ou41BupFI7qY, action: OUT
Transaction: UMbw1McCVn7eAe41Buo26+13, action: IN
Transaction: UMbw1MaeVLWI5O41BuoA8+lW, action: SEND
Transaction: UMbw1MVceOBV6e41BuoiY0I9, action: SEND
Transaction: UMbw1Mbf2/IRL841Bup6/+YH, action: SEND
Transaction: UMbw1Mbf2/IRL841Bup6/+YH, action: OUT
Transaction: UMbw1Mq5JKuFfu41Bupa/dIh, action: OUT
Transaction: UMbw1Mq5JKuFfu41Bupa/dIh, action: NEWTRANS
Transaction: UMbw1Mq5JKuFfu41Bupa/dIh, action: IN
Transaction: UMbw1Mj202SxNO41BuoBrTcm, action: OUT
Transaction: UMbw1Mj202SxNO41BuoBrTcm, action: OUT
Transaction: UMbw1Mj202SxNO41BuoBrTcm, action: IN
Transaction: UMbw1Mj202SxNO41BuoBrTcm, action: OUT
Transaction: UMbw1Mj202SxNO41BuoBrTcm, action: TOREGISTER
Transaction: UMbw1Mj202SxNO41BuoBrTcm, action: IN
Transaction: UMbw1Mj202SxNO41BuoBrTcm, action: OUT
Transaction: UMbw1Mj202SxNO41BuoBrTcm, action: NEWTRANS
Transaction: UMbw1Mj202SxNO41BuoBrTcm, action: IN
Transaction: UMbw1McCVn7eAe41Buo26+13, action: SEND
Transaction: UMbw1McCVn7eAe41Buo26+13, action: IN
Transaction: UMbw1MMoI1Bpze41BupA4k/c, action: SEND
Transaction: UMbw1MNZGm9cte41BuoqJtG/, action: SEND
Transaction: UMbw1Mbf2/IRL841Bup6/+YH, action: IN
Transaction: UMbw1Mbf2/IRL841Bup6/+YH, action: IN
Transaction: UMbw1MbIRuU6ou41BupFI7qY, action: IN
Transaction: UMbw1MbIRuU6ou41BupFI7qY, action: OUT
Transaction: UMbw1MbIRuU6ou41BupFI7qY, action: IN
Transaction: UMbw1MbIRuU6ou41BupFI7qY, action: IN
Transaction: UMbw1MbIRuU6ou41BupFI7qY, action: OUT
Transaction: UMbw1MbIRuU6ou41BupFI7qY, action: TOREGISTER
Transaction: UMbw1McCVn7eAe41Buo26+13, action: IN
Transaction: UMbw1McCVn7eAe41Buo26+13, action: OUT
Transaction: UMbw1McCVn7eAe41Buo26+13, action: NEWTRANS
Transaction: UMbw1McCVn7eAe41Buo26+13, action: IN
Transaction: UMbw1Mbf2/IRL841Bup6/+YH, action: IN
Transaction: UMbw1Mbf2/IRL841Bup6/+YH, action: OUT
Transaction: UMbw1Mbf2/IRL841Bup6/+YH, action: NEWTRANS
Transaction: UMbw1Mbf2/IRL841Bup6/+YH, action: IN
Transaction: UMbw1MbIRuU6ou41BupFI7qY, action: IN
Transaction: UMbw1MbIRuU6ou41BupFI7qY, action: OUT
Transaction: UMbw1MbIRuU6ou41BupFI7qY, action: NEWTRANS
Transaction: UMbw1MbIRuU6ou41BupFI7qY, action: IN
Transaction: UMbw1MbIRuU6ou41BupFI7qY, action: OUT
Transaction: UMbw1Mbf2/IRL841Bup6/+YH, action: TOREGISTER
Transaction: UMbw1MbIRuU6ou41BupFI7qY, action: OUT
Transaction: UMbw1MNZGm9cte41BuoqJtG/, action: IN
Transaction: UMbw1MVceOBV6e41BuoiY0I9, action: OUT
Transaction: UMbw1MVceOBV6e41BuoiY0I9, action: IN
Transaction: UMbw1MNZGm9cte41BuoqJtG/, action: OUT
Transaction: UMbw1Mbf2/IRL841Bup6/+YH, action: OUT
Transaction: UMbw1MMoI1Bpze41BupA4k/c, action: OUT
Transaction: UMbw1MMoI1Bpze41BupA4k/c, action: IN
Transaction: UMbw1MaeVLWI5O41BuoA8+lW, action: IN
Transaction: UMbw1McCVn7eAe41Buo26+13, action: OUT
Transaction: UMbw1MaeVLWI5O41BuoA8+lW, action: OUT
Transaction: UMbw1McCVn7eAe41Buo26+13, action: IN
Transaction: UMbw1McCVn7eAe41Buo26+13, action: IN
Transaction: UMbw1McCVn7eAe41Buo26+13, action: OUT
Transaction: UMbw1McCVn7eAe41Buo26+13, action: TOREGISTER
Transaction: UMbw1Mbf2/IRL841Bup6/+YH, action: OUT
Transaction: UMbw1Mbf2/IRL841Bup6/+YH, action: OUT
Transaction: UMbw1Mbf2/IRL841Bup6/+YH, action: IN
Transaction: UMbw1McCVn7eAe41Buo26+13, action: OUT
Transaction: UMbw1MxM3oPHwO41BuoK8FJn, action: NEWTRANS
Transaction: UMbw1MxM3oPHwO41BuoK8FJn, action: OUT
Transaction: UMbw1MxM3oPHwO41BuoK8FJn, action: IN
Transaction: UMbw1MxM3oPHwO41BuoK8FJn, action: OUT
Transaction: UMbw1MxM3oPHwO41BuoK8FJn, action: IN
Transaction: UMbw1MxM3oPHwO41BuoK8FJn, action: IN
Transaction: UMbw1MxM3oPHwO41BuoK8FJn, action: TOREGISTER
Transaction: UMbw1MxM3oPHwO41BuoK8FJn, action: OUT
Transaction: UMbw1MxM3oPHwO41BuoK8FJn, action: OUT
Transaction: UMbw1MxM3oPHwO41BuoK8FJn, action: IN
Transaction: UMbw1Mj202SxNO41BuoBrTcm, action: SEND
Transaction: UMbw1Mq5JKuFfu41Bupa/dIh, action: OUT
Transaction: UMbw1Mj202SxNO41BuoBrTcm, action: IN
Transaction: UMbw1Mq5JKuFfu41Bupa/dIh, action: IN
Transaction: UMbw1Mj202SxNO41BuoBrTcm, action: OUT
Transaction: UMbw1Mj202SxNO41BuoBrTcm, action: IN
Transaction: UMbw1Mq5JKuFfu41Bupa/dIh, action: OUT
Transaction: UMbw1Mq5JKuFfu41Bupa/dIh, action: IN
Transaction: UMbw1Mq5JKuFfu41Bupa/dIh, action: OUT
Transaction: UMbw1Mq5JKuFfu41Bupa/dIh, action: SEND
Transaction: UMbw1Mq5JKuFfu41Bupa/dIh, action: IN
Transaction: UMbw1Mq5JKuFfu41Bupa/dIh, action: IN
Transaction: UMbw1Mq5JKuFfu41Bupa/dIh, action: OUT
Transaction: UMbw1Mq5JKuFfu41Bupa/dIh, action: TOREGISTER
Transaction: UMbw1MxM3oPHwO41BuoK8FJn, action: IN
Transaction: UMbw1MxM3oPHwO41BuoK8FJn, action: SEND
Transaction: UMbw1MxM3oPHwO41BuoK8FJn, action: IN
Transaction: UMbw1MxM3oPHwO41BuoK8FJn, action: OUT
Transaction: UMbw1NMFYTYe/u41BupMpQO3, action: IN
Transaction: UMbw1NMFYTYe/u41BupMpQO3, action: OUT
Transaction: UMbw1NMFYTYe/u41BupMpQO3, action: OUT
Transaction: UMbw1NK3keIVDu41Bup5HWEn, action: IN
Transaction: UMbw1NK3keIVDu41Bup5HWEn, action: IN
Transaction: UMbw1NK3keIVDu41Bup5HWEn, action: OUT
Transaction: UMbw1NK3keIVDu41Bup5HWEn, action: IN
Transaction: UMbw1NK3keIVDu41Bup5HWEn, action: IN
Transaction: UMbw1NK3keIVDu41Bup5HWEn, action: OUT
Transaction: UMbw1NK3keIVDu41Bup5HWEn, action: OUT
Transaction: UMbw1NMFYTYe/u41BupMpQO3, action: OUT
Transaction: UMbw1NK3keIVDu41Bup5HWEn, action: OUT
Transaction: UMbw1NK3keIVDu41Bup5HWEn, action: IN
Transaction: UMbw1NMFYTYe/u41BupMpQO3, action: TOREGISTER
Transaction: UMbw1NK3keIVDu41Bup5HWEn, action: IN
Transaction: UMbw1NK3keIVDu41Bup5HWEn, action: OUT
Transaction: UMbw1NK3keIVDu41Bup5HWEn, action: IN
Transaction: UMbw1NK3keIVDu41Bup5HWEn, action: NEWTRANS
Transaction: UMbw1NK3keIVDu41Bup5HWEn, action: OUT
Transaction: UMbw1NK3keIVDu41Bup5HWEn, action: TOREGISTER
Transaction: UMbw1NK3keIVDu41Bup5HWEn, action: OUT
Transaction: UMbw1NK3keIVDu41Bup5HWEn, action: IN
Transaction: UMbw1NK3keIVDu41Bup5HWEn, action: IN
Transaction: UMbw1NK3keIVDu41Bup5HWEn, action: OUT
Transaction: UMbw1NK3keIVDu41Bup5HWEn, action: OUT
Transaction: UMbw1NMFYTYe/u41BupMpQO3, action: IN
Transaction: UMbw1NMFYTYe/u41BupMpQO3, action: NEWTRANS
Transaction: UMbw1NMFYTYe/u41BupMpQO3, action: OUT
Transaction: UMbw1NMFYTYe/u41BupMpQO3, action: IN
Transaction: UMbw1NK3keIVDu41Bup5HWEn, action: IN
Transaction: UMbw1NkONGygue41BuoVsX/t, action: IN
Transaction: UMbw1NkONGygue41BuoVsX/t, action: OUT
Transaction: UMbw1NkONGygue41BuoVsX/t, action: OUT
Transaction: UMbw1Nl7A7wAz841BuomAIcg, action: TOREGISTER
Transaction: UMbw1Nl7A7wAz841BuomAIcg, action: OUT
Transaction: UMbw1Nl7A7wAz841BuomAIcg, action: IN
Transaction: UMbw1NnqwCxVue41BupDCpVD, action: NEWTRANS
Transaction: UMbw1Nl7A7wAz841BuomAIcg, action: OUT
Transaction: UMbw1NnBn4bDzu41Bup4IIEk, action: NEWTRANS
Transaction: UMbw1NnBn4bDzu41Bup4IIEk, action: OUT
Transaction: UMbw1NnBn4bDzu41Bup4IIEk, action: IN
Transaction: UMbw1NnqwCxVue41BupDCpVD, action: IN
Transaction: UMbw1NnqwCxVue41BupDCpVD, action: OUT
Transaction: UMbw1NkONGygue41BuoVsX/t, action: OUT
Transaction: UMbw1Nl7A7wAz841BuomAIcg, action: OUT
Transaction: UMbw1NkONGygue41BuoVsX/t, action: TOREGISTER
Transaction: UMbw1NkONGygue41BuoVsX/t, action: IN
Transaction: UMbw1Nl7A7wAz841BuomAIcg, action: OUT
Transaction: UMbw1NMFYTYe/u41BupMpQO3, action: IN
Transaction: UMbw1NMFYTYe/u41BupMpQO3, action: OUT
Transaction: UMbw1NMFYTYe/u41BupMpQO3, action: IN
Transaction: UMbw1NMFYTYe/u41BupMpQO3, action: SEND
Transaction: UMbw1NMFYTYe/u41BupMpQO3, action: IN
Transaction: UMbw1Nl7A7wAz841BuomAIcg, action: IN
Transaction: UMbw1NMFYTYe/u41BupMpQO3, action: OUT
Transaction: UMbw1NMFYTYe/u41BupMpQO3, action: OUT
Transaction: UMbw1NMFYTYe/u41BupMpQO3, action: IN
Transaction: UMbw1NMFYTYe/u41BupMpQO3, action: IN
Transaction: UMbw1NMFYTYe/u41BupMpQO3, action: OUT
Transaction: UMbw1NMFYTYe/u41BupMpQO3, action: OUT
Transaction: UMbw1NkONGygue41BuoVsX/t, action: IN
Transaction: UMbw1NkONGygue41BuoVsX/t, action: NEWTRANS
Transaction: UMbw1NkONGygue41BuoVsX/t, action: OUT
Transaction: UMbw1Nl7A7wAz841BuomAIcg, action: IN
Transaction: UMbw1Nl7A7wAz841BuomAIcg, action: NEWTRANS
Transaction: UMbw1NMFYTYe/u41BupMpQO3, action: IN
Transaction: UMbw1NnBn4bDzu41Bup4IIEk, action: OUT
Transaction: UMbw1NnqwCxVue41BupDCpVD, action: IN
Transaction: UMbw1NnqwCxVue41BupDCpVD, action: OUT
Transaction: UMbw1Nl7A7wAz841BuomAIcg, action: IN
Transaction: UMbw1NnqwCxVue41BupDCpVD, action: IN
Transaction: UMbw1NkONGygue41BuoVsX/t, action: IN
Transaction: UMbw1NnBn4bDzu41Bup4IIEk, action: IN
Transaction: UMbw1NnBn4bDzu41Bup4IIEk, action: OUT
Transaction: UMbw1NnBn4bDzu41Bup4IIEk, action: IN
Transaction: UMbw1NnBn4bDzu41Bup4IIEk, action: IN
Transaction: UMbw1NnBn4bDzu41Bup4IIEk, action: OUT
Transaction: UMbw1NnBn4bDzu41Bup4IIEk, action: OUT
Transaction: UMbw1NnBn4bDzu41Bup4IIEk, action: IN
Transaction: UMbw1NnBn4bDzu41Bup4IIEk, action: IN
Transaction: UMbw1NnBn4bDzu41Bup4IIEk, action: OUT
Transaction: UMbw1NnBn4bDzu41Bup4IIEk, action: IN
Transaction: UMbw1NnBn4bDzu41Bup4IIEk, action: SEND
Transaction: UMbw1Nl7A7wAz841BuomAIcg, action: OUT
Transaction: UMbw1NnqwCxVue41BupDCpVD, action: IN
Transaction: UMbw1NkONGygue41BuoVsX/t, action: OUT
Transaction: UMbw1NnBn4bDzu41Bup4IIEk, action: TOREGISTER
Transaction: UMbw1NnBn4bDzu41Bup4IIEk, action: OUT
Transaction: UMbw1NnBn4bDzu41Bup4IIEk, action: IN
Transaction: UMbw1NnBn4bDzu41Bup4IIEk, action: IN
Transaction: UMbw1NnBn4bDzu41Bup4IIEk, action: OUT
Transaction: UMbw1NnBn4bDzu41Bup4IIEk, action: OUT
Transaction: UMbw1NnqwCxVue41BupDCpVD, action: TOREGISTER
Transaction: UMbw1NnqwCxVue41BupDCpVD, action: OUT
Transaction: UMbw1NnqwCxVue41BupDCpVD, action: IN
Transaction: UMbw1NnqwCxVue41BupDCpVD, action: OUT
Transaction: UMbw1NnqwCxVue41BupDCpVD, action: OUT
Transaction: UMbw1Ns2Sfp4xe41BuoPVDet, action: NEWTRANS
Transaction: UMbw1Ns2Sfp4xe41BuoPVDet, action: OUT
Transaction: UMbw1Ns2Sfp4xe41BuoPVDet, action: IN
Transaction: UMbw1NkONGygue41BuoVsX/t, action: IN
Transaction: UMbw1Nl7A7wAz841BuomAIcg, action: IN
Transaction: UMbw1Nu1+AxM4841Buo2qMlt, action: NEWTRANS
